Directory,Directory_Parent,DefaultDir
INSTALLFOLDER,ProgramFiles64Folder,xcpff0x3|SurfaceUpdate
dir417F8674552C5ADA333AED41B340607C,INSTALLFOLDER,pnp4gdh_|audiodetectiondriver
dir26E7864AEE3D2833F1DE1F5E08169281,dirFC9724E4127D846BE211CAAFBF2A1BE3,DLLs
dirF0BA26CD617F4D3470EE46932F58BA3D,dirFC9724E4127D846BE211CAAFBF2A1BE3,IAS
dir21E114376BC5ACB376181FDCDC6FA517,dirF0BA26CD617F4D3470EE46932F58BA3D,Cfg
dir6288EBE6181ED4733DC1A6048D1B5738,dir417F8674552C5ADA333AED41B340607C,Fw
dirF7536C8F08E78E43C798BDF46ACB1725,dir417F8674552C5ADA333AED41B340607C,Libs
dirC313F03974E4F3181B76CD6652F053D5,dir417F8674552C5ADA333AED41B340607C,Topology
dirAF46C55530D04609E2095A7544E7B5D0,dir417F8674552C5ADA333AED41B340607C,WoV
dirB680000D37FC1D859546AB6F80389BDF,dirAF46C55530D04609E2095A7544E7B5D0,Corcent
dirC6AB3B6FF765BB9D85D3FADCF9856216,dirF0546FAE4BBB0D93CE23398DE7B029B5,zh-CN
dir8DDD41A6E40EE58535FDF420182BB58D,dirAF46C55530D04609E2095A7544E7B5D0,Corfuj
dir73C7F4715D61DDC202FF636D0CB95A5C,dir69F3193622A2E8DFC563C2BC0251AD39,ja-JP
dir97AF24AD006358EADD11616902BDD6FC,dirAF46C55530D04609E2095A7544E7B5D0,Corleno
dir2391816806EB4FF07402D943225EC176,dirBD4EACC7EF4CD5D755A2B05CF639ABEA,zh-CN
dirCE7F4ABDFC696A776D12355009295C4E,dirAF46C55530D04609E2095A7544E7B5D0,Corleno2
dirD7574DD6255983B870B27BA246C3CFB9,dir966EF72825F014AC58FD7535211EF6BA,zh-CN
dirA4D16DFD13DB1A2FA5562CAD495E5E86,dirAF46C55530D04609E2095A7544E7B5D0,Corlexa
dir207CFE903CD4ED0A972F730041604C68,dir978970F300B3F69016DDD265ACCFF7D8,de-DE
dir3AA48ED05331138E66BA4326C19D6954,dir978970F300B3F69016DDD265ACCFF7D8,en-AU
dir8F7DC220292B6B58FAF28B993ADB6927,dir978970F300B3F69016DDD265ACCFF7D8,en-CA
dir17D704F9C0DBBE779F28EBAAD08521C7,dir978970F300B3F69016DDD265ACCFF7D8,en-GB
dir97F95D75896FD41BAAF223A5F9367864,dir978970F300B3F69016DDD265ACCFF7D8,en-IN
dirE4F022F9B16872C227C548E56D944758,dir978970F300B3F69016DDD265ACCFF7D8,en-US
dirEA14BE0DACBB3E6CE53B42265EB40731,dir978970F300B3F69016DDD265ACCFF7D8,es-ES
dir446330D41C6C43224DCF84FC142E2D4B,dir978970F300B3F69016DDD265ACCFF7D8,es-MX
dirF1854548A59EE83EF31D591A7B3BA76D,dir978970F300B3F69016DDD265ACCFF7D8,fr-CA
dir562CEE79EC8C4DA537E44377E4ADE689,dir978970F300B3F69016DDD265ACCFF7D8,fr-FR
dir79EE58BE9EF6972916252B451CC7FFD8,dir978970F300B3F69016DDD265ACCFF7D8,it-IT
dirF0B6D1AE30842EDA0196D956BDCDF7E6,dir978970F300B3F69016DDD265ACCFF7D8,ja-JP
dirCF9A1ECCA16117C1C0526B316E44824E,dirAF46C55530D04609E2095A7544E7B5D0,Echo
dirC9F708A35CCF9591CD79D8858C21AA73,dirCF9A1ECCA16117C1C0526B316E44824E,m
dir264B48A09AA1D77ADCC37ACF93155DBC,dirC9F708A35CCF9591CD79D8858C21AA73,de-AT
dir5017A876D1E976ACED446410DE621E92,dirC9F708A35CCF9591CD79D8858C21AA73,de-DE
dir1F4BEC93C5DBCBD4F63C2C94F57911A3,dirC9F708A35CCF9591CD79D8858C21AA73,en-AU
dir56C9B5585B8C16CC1FA6FFEC544118D9,dirC9F708A35CCF9591CD79D8858C21AA73,en-CA
dir50C0D86A8ED7F1CC4FC2A7FBA174CE42,dirC9F708A35CCF9591CD79D8858C21AA73,en-GB
dir470A947D2CE78E92E176557104C795C9,dirC9F708A35CCF9591CD79D8858C21AA73,en-IE
dirAFDE832D87D284F06F2CA14A7FC7149B,dirC9F708A35CCF9591CD79D8858C21AA73,en-IN
dirB8C45ECF62D6BD1887F66EE49E62FA8B,dirC9F708A35CCF9591CD79D8858C21AA73,en-NZ
dir0F105A448C0F56FE4272519A6F379AF1,dirC9F708A35CCF9591CD79D8858C21AA73,en-US
dir0BEF1C8A678E702BF07F9381BC862BAC,dirC9F708A35CCF9591CD79D8858C21AA73,es-ES
dir6561CA67A5D1DAFB85FCD355BF7FEA23,dirC9F708A35CCF9591CD79D8858C21AA73,es-MX
dir5248D892E7A6E6D43515304F2191B01B,dirC9F708A35CCF9591CD79D8858C21AA73,fr-CA
dir1CC115D507FB8401CEDF6D20B4DC3652,dirC9F708A35CCF9591CD79D8858C21AA73,fr-FR
dirED91EE15E8B74B0DB258A674E44FA87F,dirC9F708A35CCF9591CD79D8858C21AA73,it-IT
dir24044F64488FA9FF3245BC64569DAF44,dirC9F708A35CCF9591CD79D8858C21AA73,ja-JP
dirF6ECB332894A3ED7CE80715384575B79,dirAF46C55530D04609E2095A7544E7B5D0,Fuj
dirB19FBAA1A0CE9EFB86B59C8509911F43,dirED94031815CAC515E82F51F68740C6A6,ja-JP
dir704F79E9273BDE46B8EC8799434F4E9A,dirAF46C55530D04609E2095A7544E7B5D0,HeyClova
dirBA4A36251631E8DC0FC021C27BE5A8AC,dirF1FAF1449A7B9B256B8EC7AE2EE1FB84,ko-KR
dir8CF017EA3FEA06DFE097D284DEBA7478,dirAF46C55530D04609E2095A7544E7B5D0,HiLG
dir5F3B0020F9680C90B372F905F0AD970C,dirEEF0443E6D1C7772C1EBA9546CC7D969,ko-KR
dir97DB93E8D328F40C20799CA34D9E7616,dirAF46C55530D04609E2095A7544E7B5D0,HwKws
dir274E88C8B9EE1A78594F3E203B8922C1,dirFF5D8B94C6E7AB7935A8A7E0D1CBE073,de-DE
dirCA9BB53B326A86617A978126B957352D,dirFF5D8B94C6E7AB7935A8A7E0D1CBE073,en-AU
dir796D45619F9AEE162E2F864C946F0BB1,dirFF5D8B94C6E7AB7935A8A7E0D1CBE073,en-CA
dirBD0C3EF4678CB59F14F76441834B20E9,dirFF5D8B94C6E7AB7935A8A7E0D1CBE073,en-GB
dirA66A9D1F454852A5C0396C3C1182BCDA,dirFF5D8B94C6E7AB7935A8A7E0D1CBE073,en-IN
dirB526BFE4CF10258A2369CD9467EB4C4A,dirFF5D8B94C6E7AB7935A8A7E0D1CBE073,en-US
dir21BEB5A68F0B0DDF31009AAAB5069B5F,dirFF5D8B94C6E7AB7935A8A7E0D1CBE073,es-ES
dir76040DCD49D81BFF2B026FB046C66A1E,dirFF5D8B94C6E7AB7935A8A7E0D1CBE073,es-MX
dir2B74A0DB9B0EF99DA54BE725AF05E60C,dirFF5D8B94C6E7AB7935A8A7E0D1CBE073,fr-CA
dirD7B84F0EE06C36BE8C17BF7C0EA2F26C,dirFF5D8B94C6E7AB7935A8A7E0D1CBE073,fr-FR
dir9010E7CA9E5A8E726411C287B844C272,dirFF5D8B94C6E7AB7935A8A7E0D1CBE073,it-IT
dir09542B87E63EB1113104731648BF63D4,dirFF5D8B94C6E7AB7935A8A7E0D1CBE073,ja-JP
dir4A89A5DD60753E24EBFF3ACC99B2E576,dirFF5D8B94C6E7AB7935A8A7E0D1CBE073,pt-BR
dir8EFD9346990C733C06D502102D5969D1,dirFF5D8B94C6E7AB7935A8A7E0D1CBE073,zh-CN
dir45AE232B8E643ECB969940473C0E5255,dirAF46C55530D04609E2095A7544E7B5D0,Leno2
dirFAF26FB1E6580F45D1AED3C5D0B9E300,dirC7C8D1D633B0EDAA90A46C62592D3B4F,zh-CN
dir1BBD97E880D0E4E6EA9CD13A0C485A87,dirAF46C55530D04609E2095A7544E7B5D0,Service
dir7778C9C23AD6120524BDAC4D55C17C4C,dirAF46C55530D04609E2095A7544E7B5D0,sid
dir1F8FBF9CA253214E979AF3A55C3B55BD,dirAF46C55530D04609E2095A7544E7B5D0,Tencent
dir985A2B73831B691EC7803A991561A91B,dir33F16AE15B7103DF014F41E09BACF55F,zh-CN
dirB03380FDB5054A6FD3F6949DF73DA229,dirAF46C55530D04609E2095A7544E7B5D0,Yoga
dirA059F8FDD4084039081053F3D05A6F09,dir50EF680529133C5FAED74AA032A522AA,zh-CN
dir1802CDAD4710EF8AF5C29E4DFEE5FEDC,INSTALLFOLDER,audiosst
dir8CE8090F9FA44103F893BADAC1CD6F15,dir8C16DE163342AEA829775F42E3B0D86F,DLLs
dir355469848E227F4661CBED12D9243EB1,dir8C16DE163342AEA829775F42E3B0D86F,IAS
dirB1576CC0701713DD2CF7EAC92F2DD584,dir355469848E227F4661CBED12D9243EB1,Cfg
dir2180E2C3CB99167274A7E311C5CB7BD6,dir1802CDAD4710EF8AF5C29E4DFEE5FEDC,Fw
dir59D370E4C0F2325CD608D435D70E5482,dir1802CDAD4710EF8AF5C29E4DFEE5FEDC,Libs
dir2BA8E7664B064CDC36CD08946F6194C9,dir1802CDAD4710EF8AF5C29E4DFEE5FEDC,Topology
dir8B8BABD58F41D214DE7AC40B3CAC2C5F,dir1802CDAD4710EF8AF5C29E4DFEE5FEDC,WoV
dir9F00E3CA470727326735B6559AACB119,dir8B8BABD58F41D214DE7AC40B3CAC2C5F,Corcent
dirA4F4E450C06C03091F68426D8A88AD70,dirD4C7B81113D237C4D59EE5F0A62FD2D0,zh-CN
dir57EC65E3A413EFE85A57852E86627CC0,dir8B8BABD58F41D214DE7AC40B3CAC2C5F,Corfuj
dirA0341A0E94530325FAF86D4F7E344348,dir2FE31CB6956C13ED62127DC7DF918A12,ja-JP
dir0247BF4E6CDFC241C10B048344891257,dir8B8BABD58F41D214DE7AC40B3CAC2C5F,Corleno
dirF894E156A287A235EEC18F29FEF64CD0,dir7ABC7B97040EF30D0E8501B8F9FCAC36,zh-CN
dir8D430D6BFEB8BE07F98A4E63B7FBE2DC,dir8B8BABD58F41D214DE7AC40B3CAC2C5F,Corleno2
dir723FDA78B77EEBB3FD945758A3272CE2,dirC29EA965DD8E897F317122412A718ACA,zh-CN
dir5976C971D4ECAFEA764888DC450B4A82,dir8B8BABD58F41D214DE7AC40B3CAC2C5F,Corlexa
dir5BAA85456AA43A044747B19F2DAC767F,dirAD6FEA6191F39D40F1248B39CA24A080,de-DE
dir75FE5F4D00D01C2E7AA5476FAF9458C5,dirAD6FEA6191F39D40F1248B39CA24A080,en-AU
dirCCC332908C05F8670B32085306A981CB,dirAD6FEA6191F39D40F1248B39CA24A080,en-CA
dir08B5BDD836035D17DE0BF4C8077CCA13,dirAD6FEA6191F39D40F1248B39CA24A080,en-GB
dir447888142A176668C202E3873BCA5D95,dirAD6FEA6191F39D40F1248B39CA24A080,en-IN
dirAD32833C970DEB24BBB0E98DE5FC0B93,dirAD6FEA6191F39D40F1248B39CA24A080,en-US
dir76A88BEA39E7C8E4FBA7043C61211145,dirAD6FEA6191F39D40F1248B39CA24A080,es-ES
dir949912EE568B02DA0ADC4D001E4EB313,dirAD6FEA6191F39D40F1248B39CA24A080,es-MX
dir0A28F11BABA1E639D3AB9F7CEB79B444,dirAD6FEA6191F39D40F1248B39CA24A080,fr-CA
dir76FFD9E85F9FB43D99D73FBE2D819569,dirAD6FEA6191F39D40F1248B39CA24A080,fr-FR
dir1C39979FDE9944DC69A25A338FD4E08A,dirAD6FEA6191F39D40F1248B39CA24A080,it-IT
dir8C77FEE186677C7DEF42215DD93C0A82,dirAD6FEA6191F39D40F1248B39CA24A080,ja-JP
dir6A1947D63BE40EFDB32F223EE50B6A18,dir8B8BABD58F41D214DE7AC40B3CAC2C5F,Echo
dir2B4916CD232FC4F900C4C75893156C01,dir6A1947D63BE40EFDB32F223EE50B6A18,m
dirB760AC03541BA24497143C0822DD8B65,dir2B4916CD232FC4F900C4C75893156C01,de-AT
dir57E3E109F07564C44048FF52524A3D9B,dir2B4916CD232FC4F900C4C75893156C01,de-DE
dir558D196D811E9B9D8C63B9D0072BBEA6,dir2B4916CD232FC4F900C4C75893156C01,en-AU
dirC32CB9972394D8A2319DC42FA38DBCAD,dir2B4916CD232FC4F900C4C75893156C01,en-CA
dirEC14BBB8C0E25C723E44836913E4AE6C,dir2B4916CD232FC4F900C4C75893156C01,en-GB
dir18175B4794D63CF1234110DAEA97E5E9,dir2B4916CD232FC4F900C4C75893156C01,en-IE
dirD986812AC7D5ABCBC265797709DA2006,dir2B4916CD232FC4F900C4C75893156C01,en-IN
dir917FFD89C6CFAC081EFC46335B594656,dir2B4916CD232FC4F900C4C75893156C01,en-NZ
dirF2E424CD8FCDBB297BBE4B30473E3721,dir2B4916CD232FC4F900C4C75893156C01,en-US
dirFE3A5E035A3A8EB99A035A082B3F7225,dir2B4916CD232FC4F900C4C75893156C01,es-ES
dirC5807B5BD40E5CDB472960BA8BBAAF11,dir2B4916CD232FC4F900C4C75893156C01,es-MX
dirFD9C96282E02D4446EF7AED0B4C1D4AB,dir2B4916CD232FC4F900C4C75893156C01,fr-CA
dirB98F3868C03BC4320F319E524D133AF5,dir2B4916CD232FC4F900C4C75893156C01,fr-FR
dir4AAE9B5223A5F25C0CBF003BE01A75F9,dir2B4916CD232FC4F900C4C75893156C01,it-IT
dirBDB1A38654E20146957DA40283A2F047,dir2B4916CD232FC4F900C4C75893156C01,ja-JP
dirAA8755158818F3A186DDCE38DE1F8303,dir8B8BABD58F41D214DE7AC40B3CAC2C5F,Fuj
dir3042FAB6E6F19F9DE7D2272A9F3F712E,dir583DCB0970C50000074027724E0D2D92,ja-JP
dirB2712EE615300B8F255115251CC5454E,dir8B8BABD58F41D214DE7AC40B3CAC2C5F,HeyClova
dir224499376B318AB04824575C12EE31D1,dir5E93F7AF3FF3F9D9B7E5DF3F7A9E6D4A,ko-KR
dir55151D3FACFD228CFB295E787ADE77BE,dir8B8BABD58F41D214DE7AC40B3CAC2C5F,HiLG
dir99603C086CDC3769A549814EFB662D8E,dir652038AB13A40DC2F7FB62A3E202E5AC,ko-KR
dirA6385B9FEA49E609E6092D67109FD25C,dir8B8BABD58F41D214DE7AC40B3CAC2C5F,HwKws
dir2D7EC784FC5E4205ED2A3A43EAFEEFB4,dirA4013FABBB1BF111AEB40A285B4043F0,de-DE
dirD245ECC564FD532570A883BAE36A8D83,dirA4013FABBB1BF111AEB40A285B4043F0,en-AU
dirEF5E5349643356FE2EC4142D753EB27E,dirA4013FABBB1BF111AEB40A285B4043F0,en-CA
dir2EEDE98763597708F6FC5EE043A86AFF,dirA4013FABBB1BF111AEB40A285B4043F0,en-GB
dir19C923550EE6A5D8D9018558F0C28BDE,dirA4013FABBB1BF111AEB40A285B4043F0,en-IN
dir21430664B4DA629FADAF739DBD913BE6,dirA4013FABBB1BF111AEB40A285B4043F0,en-US
dir56CA3816C2419E54DCD57A59CDFE02CA,dirA4013FABBB1BF111AEB40A285B4043F0,es-ES
dirF8D0B390F20C3D2009FD6AB883A16B88,dirA4013FABBB1BF111AEB40A285B4043F0,es-MX
dir6AB2F32DD338C864142A6579D2DAA637,dirA4013FABBB1BF111AEB40A285B4043F0,fr-CA
dir75756D9EED49CD15F7A5143227110711,dirA4013FABBB1BF111AEB40A285B4043F0,fr-FR
dirDA8E630088666FE644757C9EA49BBC50,dirA4013FABBB1BF111AEB40A285B4043F0,it-IT
dirBE3CDBFA38816D053269411C6993838C,dirA4013FABBB1BF111AEB40A285B4043F0,ja-JP
dir3F2E61E8453AB41F904B5C9411600724,dirA4013FABBB1BF111AEB40A285B4043F0,pt-BR
dirBEC7B12B32BC3C2F8A3F3947D2BFCBB0,dirA4013FABBB1BF111AEB40A285B4043F0,zh-CN
dir54EBB49D5F13E9BFAEC45032CDFB8A8A,dir8B8BABD58F41D214DE7AC40B3CAC2C5F,Leno2
dirE8E89DB8CDA4BE01D99FFF4ABE1FDF60,dir88989E9BD5DEB08BA1E120977E0DAAB8,zh-CN
dir99109ED5C54B04A3DC3A141C46C77414,dir8B8BABD58F41D214DE7AC40B3CAC2C5F,Service
dir0DBE618207374721F0FB8B7C6442038F,dir8B8BABD58F41D214DE7AC40B3CAC2C5F,sid
dir352FBD97888DB5061A53046A6ECEFB2B,dir8B8BABD58F41D214DE7AC40B3CAC2C5F,Tencent
dirEBB53FEC52510FF7930C07EE7530D895,dir413EFB3005DF6E2A69A29196849E2AA5,zh-CN
dir7B6C773A7F87392A5F382F1312C050B1,dir8B8BABD58F41D214DE7AC40B3CAC2C5F,Yoga
dirE4C560A3B16131866743807DFFCCD832,dirD305943EE6EBC0A8A75F984671D85EF7,zh-CN
dirAFE2766843DEB6C8FF3EDD8646C112D4,INSTALLFOLDER,teuzn6qn|audiosstbus
dir8DE2C48D70113D31EB09B636551F4049,dirF1316BD743E5641DC00B4771A48847AF,DLLs
dir22347EA159E3CEEA67FE41EEDDAED3D0,dirF1316BD743E5641DC00B4771A48847AF,IAS
dir71A9168990A476FD65382C443E405337,dir22347EA159E3CEEA67FE41EEDDAED3D0,Cfg
dir6F32900525ECB93324F93898DBA96F01,dirAFE2766843DEB6C8FF3EDD8646C112D4,Fw
dir643893861D5E3AD25346F524F43FEA88,dirAFE2766843DEB6C8FF3EDD8646C112D4,Libs
dirD123E0B98B40CF424EA9B4E9BF9157F1,dirAFE2766843DEB6C8FF3EDD8646C112D4,Topology
dir2CA52C934666DE4355B9990FF1E883D4,dirAFE2766843DEB6C8FF3EDD8646C112D4,WoV
dir50D2E6DCF1422C15298720F2FF4CEFCF,dir2CA52C934666DE4355B9990FF1E883D4,Corcent
dirD8A80A69CECEAB243B8846230624B0ED,dir6A092BF1A58110B47117F03C7C27305F,zh-CN
dirB15EEECA0ECB4F9FB932260B68DC64DB,dir2CA52C934666DE4355B9990FF1E883D4,Corfuj
dir259D1992B79B4BCC41756071D1F5545F,dirFECFFEA5616EB1AC781D1316F1A17B90,ja-JP
dirA865BAF788CF2C48E511FCCD4E941F78,dir2CA52C934666DE4355B9990FF1E883D4,Corleno
dir6F5F53C268838715EE3200219AE4BE8B,dir97AAAFC7A74D2F3B8E36E4DB8178DC82,zh-CN
dir0CAABEEA4CE2BC7C8C2A4C9ADE5E8310,dir2CA52C934666DE4355B9990FF1E883D4,Corleno2
dirF9DFBD1266C0CF5A17942A5B1A273C44,dirCA3323621CB8DDBFAF3A96640F9ECC1F,zh-CN
dirF787499695C3C6120C6140B5BFDD3627,dir2CA52C934666DE4355B9990FF1E883D4,Corlexa
dirE230F4B5BC83BAB8D7D889C7D1CC8B4A,dir717D7F6BB5DEA45769B8B9AC70F9BDFD,de-DE
dirB384550D59E9AB47F545FE39E44E0390,dir717D7F6BB5DEA45769B8B9AC70F9BDFD,en-AU
dir5473EB2DF9D0C7BA4B9004133285F4D3,dir717D7F6BB5DEA45769B8B9AC70F9BDFD,en-CA
dirDFF0D398131A5263FDCA250D60D57CFC,dir717D7F6BB5DEA45769B8B9AC70F9BDFD,en-GB
dir5AD007FD02B92B7F9DB67B4037139592,dir717D7F6BB5DEA45769B8B9AC70F9BDFD,en-IN
dir02A349E5897A19A9506E27DDE5F40E88,dir717D7F6BB5DEA45769B8B9AC70F9BDFD,en-US
dir79757ED18336BBCA5B306E5A1CFD086F,dir717D7F6BB5DEA45769B8B9AC70F9BDFD,es-ES
dir94BD05814992A6DFB0A18DB7439E477A,dir717D7F6BB5DEA45769B8B9AC70F9BDFD,es-MX
dirE92B73B61006A4397AE506E891E6D2B5,dir717D7F6BB5DEA45769B8B9AC70F9BDFD,fr-CA
dir922FF887F35EE6774D68033AEC76AE3E,dir717D7F6BB5DEA45769B8B9AC70F9BDFD,fr-FR
dirC4DAFF1E480FAEDF91D8D4F6BB8CDC76,dir717D7F6BB5DEA45769B8B9AC70F9BDFD,it-IT
dir216D88D97500740AF82DA27FA205F2DE,dir717D7F6BB5DEA45769B8B9AC70F9BDFD,ja-JP
dirD0E4F3C183A9514647A5A60BF86A3C19,dir2CA52C934666DE4355B9990FF1E883D4,Echo
dir8DB3E777C01305D013F08D52E0E0380A,dirD0E4F3C183A9514647A5A60BF86A3C19,m
dirB539A20D0A13D4536F282CB763667C65,dir8DB3E777C01305D013F08D52E0E0380A,de-AT
dir47D7AB0520CB429C7C230C513DC1EF12,dir8DB3E777C01305D013F08D52E0E0380A,de-DE
dir86623B65DCF49296662594615082C71A,dir8DB3E777C01305D013F08D52E0E0380A,en-AU
dirF5882E82A1FBAD94F725BFFBFE7FADD9,dir8DB3E777C01305D013F08D52E0E0380A,en-CA
dirFF9D7A317A2E81FC5335A0338395ED96,dir8DB3E777C01305D013F08D52E0E0380A,en-GB
dir5B32F7ADD2A041EB7A7FEEB0A7C22751,dir8DB3E777C01305D013F08D52E0E0380A,en-IE
dirCBE0F15DC99F67C35D9A0A5FA2810571,dir8DB3E777C01305D013F08D52E0E0380A,en-IN
dir2EE7202E6A2FC530806E4A0668FCF903,dir8DB3E777C01305D013F08D52E0E0380A,en-NZ
dir4B9223789B4F987E617DC8C226F54488,dir8DB3E777C01305D013F08D52E0E0380A,en-US
dir7B257CF7CF688A19523A1B0F3319B5E6,dir8DB3E777C01305D013F08D52E0E0380A,es-ES
dir1D7765223A3B2C85393667441929D69E,dir8DB3E777C01305D013F08D52E0E0380A,es-MX
dirB3481F606A65D7EE2DE28455051FF24E,dir8DB3E777C01305D013F08D52E0E0380A,fr-CA
dirE762BE29988DB3AE70FD363A95EA2E3C,dir8DB3E777C01305D013F08D52E0E0380A,fr-FR
dir961807FC906380B3333D73B5BD55BE43,dir8DB3E777C01305D013F08D52E0E0380A,it-IT
dir83AA71950D11CCFF8759CAEC8D25182A,dir8DB3E777C01305D013F08D52E0E0380A,ja-JP
dir15AB2976B8DE1FBE7E4A44471CBD69D9,dir2CA52C934666DE4355B9990FF1E883D4,Fuj
dir2E914090469901485D2620F11C6EEC46,dirE42825A9BA4865B0F42C0DAF399100FE,ja-JP
dir7EB6FB36452D9B58D5213EE68B40DBD5,dir2CA52C934666DE4355B9990FF1E883D4,HeyClova
dirB0788371F1A9EB43E7DAEA4A2F296D8E,dirB3CD6A97441C874A704B568BB1777E3E,ko-KR
dir0C06CD9444AEB0EBFC2B6EE92DEA67AC,dir2CA52C934666DE4355B9990FF1E883D4,HiLG
dir1B8B61D84C8A51D3E1385700BAE24C18,dir349D7FB3F60A4F3EC3C99BAB463EB005,ko-KR
dirD151086902AB4CCAAB69D736881F4F9A,dir2CA52C934666DE4355B9990FF1E883D4,HwKws
dirB1CD994163E57C0E0D03E19FBB918F68,dirBBB240F4BF073C4AFCC410E4B69C870B,de-DE
dirEAA590FFCA13C89A0638E6DA824ACFE8,dirBBB240F4BF073C4AFCC410E4B69C870B,en-AU
dir727A670EE56456C936A068C9A12D7ECA,dirBBB240F4BF073C4AFCC410E4B69C870B,en-CA
dirA3209BFD7A4F4592D47714BD4E529639,dirBBB240F4BF073C4AFCC410E4B69C870B,en-GB
dir31E38BEF0932DFDBC9974C7367561E98,dirBBB240F4BF073C4AFCC410E4B69C870B,en-IN
dirDC2F3B7739D2F63E86DE17F880C22447,dirBBB240F4BF073C4AFCC410E4B69C870B,en-US
dir8A9B954A62B8CFE76E7F870E3E038D74,dirBBB240F4BF073C4AFCC410E4B69C870B,es-ES
dirDFB1C782A1C3E4F38B7FA5E1F1D658A7,dirBBB240F4BF073C4AFCC410E4B69C870B,es-MX
dirDBD996F9B0D4850071FE392840E61237,dirBBB240F4BF073C4AFCC410E4B69C870B,fr-CA
dir1690FF9040826D3072A7818CE18DA8D4,dirBBB240F4BF073C4AFCC410E4B69C870B,fr-FR
dir4761BC0CB537A68B7476E1F7AD74FFE9,dirBBB240F4BF073C4AFCC410E4B69C870B,it-IT
dirA1DC696F8A6F0F00335AB719E6D7EA3D,dirBBB240F4BF073C4AFCC410E4B69C870B,ja-JP
dirEBE1D6F814BAD67AC63F6145DBFD05C9,dirBBB240F4BF073C4AFCC410E4B69C870B,pt-BR
dirC1403F0F3670067F25B9CB463B25467A,dirBBB240F4BF073C4AFCC410E4B69C870B,zh-CN
dir79017847315D4F3AC34F4200D2B34983,dir2CA52C934666DE4355B9990FF1E883D4,Leno2
dir19EEDBA31F364380D42A3D423FDC59F6,dir0FD432231DE8A848192B2D0DCBA38EEC,zh-CN
dir9F20AC16AB71F594F0974082F88FD5B7,dir2CA52C934666DE4355B9990FF1E883D4,Service
dir4D9F09EC24D0052BA40FB8189DD25EC2,dir2CA52C934666DE4355B9990FF1E883D4,sid
dir4345D7D659CE2A2E90B55B3E4A777929,dir2CA52C934666DE4355B9990FF1E883D4,Tencent
dirB029606A37C7C96D7FE9403F6530192B,dir1FE30B9022698E64CA9633F834C459F1,zh-CN
dir96D5E87ECDD633038244ADB21C55644B,dir2CA52C934666DE4355B9990FF1E883D4,Yoga
dir69B25399F9B3F1D9ADC2E300EA330A13,dirE4E76C8D98272560F9CB278541153247,zh-CN
dirEC43C7219FBA3FA20FF846A86838D128,INSTALLFOLDER,xif499zb|bluetooth
dir778F435E7426E8DE624E1456981190A6,INSTALLFOLDER,camera
dir774C4913E0E2B65A09F420BF9CD6DB98,INSTALLFOLDER,mb41nwem|cameractllogic
dir659595606AC76AA999DF8D68D8528C86,INSTALLFOLDER,puzv6t_c|camerasensor5693
dir956120606F1498118B2018FC80A42444,INSTALLFOLDER,vyy9pi7q|camerasensor5693ext
dirA724C8D3BCC8B88E99A28855C2098C22,INSTALLFOLDER,a-_gj3p1|camerasupport
dir4B3B602B75903D68D7B9005BCB6CD385,INSTALLFOLDER,yfsdrmm_|capabilitylicensingsvcclient
dirC7F4A434CC16E4C922B12798CAEBBBE4,dir4B3B602B75903D68D7B9005BCB6CD385,conf
dir6061DBD4179319741B8367ADCD416345,dir4B3B602B75903D68D7B9005BCB6CD385,fnq8pmkq|Documents
dir7E82AAC5D77477EE610C7F9F7539058E,dir4B3B602B75903D68D7B9005BCB6CD385,lib
dir61569CA9AC105B6E8303B5F40A23D613,dir4B3B602B75903D68D7B9005BCB6CD385,lib32
dir439346FE80C485796C7275E0BD47D3EB,INSTALLFOLDER,8nwrtmre|devicestelemetryservicedriver
dir3E54FCCA07D6C12DEB4BC8ECBD601681,INSTALLFOLDER,dptf
dir72DE99662D7DE72E0040631F8AE51A7C,INSTALLFOLDER,dptfcpu
dirDA642919BE47A9CFF8D9F1EB4B1767A1,INSTALLFOLDER,rwx4i_1d|fingerprint
dir6260F2FEC4DFC00B7DA3A3AAB1D15505,dirDA642919BE47A9CFF8D9F1EB4B1767A1,x64
dir1FC66B3AC18BAA816AE2CB02F71EFBE9,INSTALLFOLDER,hdxsstm2
dirB77E66A6E335EA0359401FEC3AB809D3,INSTALLFOLDER,opgcg1yp|hidpciminiport
dirCAC28372D20DE36BFC56CF745F22A10E,INSTALLFOLDER,im_ix_kj|iclchipset
dirE7DA7063319C1E32543C5B16E6B48639,INSTALLFOLDER,vbier5ay|iclchipsetlpss
dirD703257C0875F65FBD248D1EF5757230,INSTALLFOLDER,cvipbnc7|iclchipsetnorthpeak
dir76BD40E06758DF0A0A59463F4846BD7F,INSTALLFOLDER,vpb5v2vl|iclserialiogpio
dir740BAF7ABD762E9F2F8605162F7530A4,INSTALLFOLDER,ibyyoiqb|iclserialioi2c
dirAFC84572C49236FE391D2876DBB7EF50,INSTALLFOLDER,b4obovp1|iclserialiospi
dir057123D3F792D0D38A351638533790B3,INSTALLFOLDER,ufvlfclf|iclserialiouart
dir5BF17C6EF7D456E561EFF7798D6D0BD3,INSTALLFOLDER,tzjxvjfw|iigdexthv
dir6A803400CB14BD81D18821E8895920A2,INSTALLFOLDER,kx2srpqh|intcoedoemlibpathext
dir0CB2C49F73147DEEFF76CD2EA7B9809D,dir6A803400CB14BD81D18821E8895920A2,Libs
dir308270CCFB5FE11A85A0527E740B6CF4,INSTALLFOLDER,ishbus
dir1CC2AE09616B4890C096870045F937AF,INSTALLFOLDER,ishheci
dirACA949652CF353469087B4729944A163,INSTALLFOLDER,itouch
dirDF887393223A970EE4F9F7D3F67B5520,INSTALLFOLDER,r56otkhn|managementengine
dirD6C9F510362A3999CD0846A3B88E18DE,dirDF887393223A970EE4F9F7D3F67B5520,x64
dir60CCA228044C7E5726A5B2EB4C56E59D,dirDF887393223A970EE4F9F7D3F67B5520,x86
dir5FAB02B612111350F3AB3663F25086C6,INSTALLFOLDER,ygvsgnbw|managementengineext
dirC146949D56EA67A2EF4583373BBEC281,INSTALLFOLDER,me
dir71BA9EEDFA5593141857EC513866EA27,INSTALLFOLDER,itcad9ud|msu53cx22x64sta
dir701051A59DAED385865D7B0CACB8DCEC,INSTALLFOLDER,akjfevg6|msu56cx22x64sta
dir150A0768AA3EA96155A949A1731A942C,INSTALLFOLDER,ov7251
dirF8E7DA5D61F29955361EDB6B1228A3E9,INSTALLFOLDER,gdwtu1yr|ov7251extension
dir2A2722B5E3A754173294D80925B1E0FF,INSTALLFOLDER,ov8865
dir93E140A6725C1F548FABD3DACE2A9721,INSTALLFOLDER,jzz8hi6o|ov8865extension
dir94BA4A21855F3C5CFD8D84421CFE88B3,INSTALLFOLDER,yerjmk8_|realtekext
dir33F164C953A180C9692495B42FE907AD,INSTALLFOLDER,o-7teiju|realtekhsa
dir7E2BD4C86DDB6B6A4752ABBA7D26D189,INSTALLFOLDER,sam
dir324412505DDBB24CAFB446F9DB0A054D,INSTALLFOLDER,sdxsc
dirB71D97F103494CFE3B65A6A81984B3FD,INSTALLFOLDER,e5vq9i7y|servicenull
dir8C9EDAAA8E98FD6184A2B8E942345784,INSTALLFOLDER,mpub_5xz|surfaceaccessorydevice
dir34B7432353F279E5D829653C48A0A2ED,INSTALLFOLDER,2-ys8lvs|surfaceaccessoryfwupdate
dir4CEE5A85D2306897C008855C7D497581,INSTALLFOLDER,v0hndk92|surfaceacpinotify
dir9EDD9F629070BAED835FF58B30DFF950,INSTALLFOLDER,dpq0sjio|surfacebattery
dir1F4B2281A48921B9BC2562883427E67C,INSTALLFOLDER,wbp2wmud|surfacebutton
dirB60A9A883FBE0855DFF6544D8CE42641,INSTALLFOLDER,h_g_dngq|surfacecfuoverhid
dir24C513C08A75EE440B1FACDFEA211E34,INSTALLFOLDER,8bbl_sjq|surfacecoverclick
dirC4DC6CA56E4C634FF7B655573803A992,INSTALLFOLDER,vsqhhscy|surfacedock2fwupdateamd64
dir26749A83CB675CB93E0CBBBA3B438844,INSTALLFOLDER,50vxnz2f|surfacedockintegration
dirA6CE99D1A7185CFAD6738E1F376C7941,INSTALLFOLDER,euohqy14|surfacehidfriendlynames
dirC39C7E0F87AC283603A55A671C72F65F,INSTALLFOLDER,jttycd39|surfacehidmini
dir23F99B59689C1A52B9D973CCB5E3A1CE,INSTALLFOLDER,y8iy0htz|surfaceintegration
dir572E67EEA01D7749F3E2B6714C4F4F28,INSTALLFOLDER,_9jiphbx|surfacekeyboardbacklight
dirCD49B9B3C86817008D25B5E96C41F123,INSTALLFOLDER,nw0bzpvn|surfacelightsensor
dirCFDB73F1B5D75059E804751E2445BEA1,INSTALLFOLDER,jpdbjniq|surfaceoempanelamd64
dir5C57F0CDAA5D264ECB36C6C10046C581,INSTALLFOLDER,lhpzs4gs|surfacepd
dir122C230634891C91F007384BF4439C8F,INSTALLFOLDER,2wwgsdiz|surfacepen0953cfuoverblelcextnpackage
dir3D2C31667FBB6C7F9A546344C5DCA067,INSTALLFOLDER,zlfwg1cx|surfacepen0953firmwareupdate
dirA1BE4A7A212FAB21E133FD741ABD845B,INSTALLFOLDER,blkwqzhm|surfacepen0c0fcfuoverblelcextnpackage
dir4B51D583FAC432EB1E6D07D02DDA3957,INSTALLFOLDER,rsfvbi6v|surfacepen0c0ffirmwareupdate
dir0BC3FB3C2EBA417DFB75D7F235A68133,INSTALLFOLDER,sux5gfos|surfacepen217fwupdate
dir11EE8231001DACD4FD817BFB56B680DD,INSTALLFOLDER,usr6j7ok|surfacepen217integration
dir2D522ADA63F00B2ED75ECEB586BF4DC7,INSTALLFOLDER,2c0gnqfu|surfacepenblelcaddradaptation
dirAA939938622CA78AAF198CE49FC48B5E,INSTALLFOLDER,vb-pdjzx|surfacepencfuoverblelcamd64master
dir3D3A2FED1BAEFBB70506BE614A3F8FD3,INSTALLFOLDER,i2d8kni8|surfacepowerfilter
dirB7989A75A02C9450BD0D0C36B9C18802,INSTALLFOLDER,fkiewbip|surfacepowertrackercore
dir168C34BE4B5EC2769787A1CE4796C1A3,INSTALLFOLDER,gsl8dj5w|surfacepro1725typecoverintegration
dir6D8C53F5EFF717ED0EE7DF40FFDE54BA,INSTALLFOLDER,slnbposb|surfacepro4typecoverintegration
dirDF4D8F433F6A3C52ED4A4FFDBB0C04BB,INSTALLFOLDER,-mpin6ea|surfacesar
dir74C53DE878D5A0AFF39ABF29D9D38810,INSTALLFOLDER,pe9st0tj|surfaceserialhub
dirD7C80E4E8AC2E75456AB4C47AFB7CDAE,INSTALLFOLDER,wnm0zvjw|surfacestoragefwupdate
dirFA475B947ECEC56E9CCFCD46FF33BC9F,INSTALLFOLDER,81zm8pny|surfacetcondriver
dirC17793CA8AAD3DF0732B48D33A8A7DD2,INSTALLFOLDER,qp_ljijf|surfacetouchfw
dirC103380CF14B7E416A16BE1345CEC063,INSTALLFOLDER,oq--mlkg|surfacetouchpenprocessorupdate
dir651F3559C107B9B161301722A147DB2B,INSTALLFOLDER,snr3o7sr|surfacetpm
dirF86C5BBE108084B1F592BFDE66580420,INSTALLFOLDER,dizlxus6|surfacetypecover
dirD87BB6344F2921677F85F5ADDDED5926,INSTALLFOLDER,d3ihicnp|surfacetypecoverv3integration
dir4E643FE47B79904293464EBEE599E652,INSTALLFOLDER,ou1wjidz|surfaceucmucsihidclient
dirF99606029FA892E1F8DF03C1DC8E84DB,INSTALLFOLDER,o5hocifh|surfaceuefi
dir436112C64E50566D59621BED78094C37,INSTALLFOLDER,acser-52|surfacevirtualfunctionenum
dirCFA8CD65A7150E0E14223F0ADE531C6E,INSTALLFOLDER,2ai-pnlu|thunderbolt4dockfwupdate
dirFEFD50A7645FA3784EF6EE44C9D5E523,INSTALLFOLDER,m5a-oak2|usb4dockfwupdate
dir07F985F6E93C4ED256C4F6C233FC3DFB,INSTALLFOLDER,wifi08
dirCE34924783DBBE10364F4DD97D10360C,INSTALLFOLDER,vc4fhs3i|zgraphicsbase
dir2936F603B8A4EB13F12F19F7958441FF,dir66C57401080664A2E4B74DF5ED42DE3D,10.26
dir354BB9191FE1B85E0262F2824C671B31,dir66C57401080664A2E4B74DF5ED42DE3D,10.27
dirF5218062B9B6EB3A31C3B92F7893BB2C,dir66C57401080664A2E4B74DF5ED42DE3D,11.1
dir4550D4F2907BCF86D9D4297248B1B518,dir66C57401080664A2E4B74DF5ED42DE3D,11.2
ProgramFiles64Folder,TARGETDIR,.
TARGETDIR,,SourceDir
dirFC9724E4127D846BE211CAAFBF2A1BE3,dir417F8674552C5ADA333AED41B340607C,AS
dirF0546FAE4BBB0D93CE23398DE7B029B5,dirB680000D37FC1D859546AB6F80389BDF,m
dir69F3193622A2E8DFC563C2BC0251AD39,dir8DDD41A6E40EE58535FDF420182BB58D,m
dirBD4EACC7EF4CD5D755A2B05CF639ABEA,dir97AF24AD006358EADD11616902BDD6FC,m
dir966EF72825F014AC58FD7535211EF6BA,dirCE7F4ABDFC696A776D12355009295C4E,m
dir978970F300B3F69016DDD265ACCFF7D8,dirA4D16DFD13DB1A2FA5562CAD495E5E86,m
dirED94031815CAC515E82F51F68740C6A6,dirF6ECB332894A3ED7CE80715384575B79,m
dirF1FAF1449A7B9B256B8EC7AE2EE1FB84,dir704F79E9273BDE46B8EC8799434F4E9A,m
dirEEF0443E6D1C7772C1EBA9546CC7D969,dir8CF017EA3FEA06DFE097D284DEBA7478,m
dirFF5D8B94C6E7AB7935A8A7E0D1CBE073,dir97DB93E8D328F40C20799CA34D9E7616,m
dirC7C8D1D633B0EDAA90A46C62592D3B4F,dir45AE232B8E643ECB969940473C0E5255,m
dir33F16AE15B7103DF014F41E09BACF55F,dir1F8FBF9CA253214E979AF3A55C3B55BD,m
dir50EF680529133C5FAED74AA032A522AA,dirB03380FDB5054A6FD3F6949DF73DA229,m
dir8C16DE163342AEA829775F42E3B0D86F,dir1802CDAD4710EF8AF5C29E4DFEE5FEDC,AS
dirD4C7B81113D237C4D59EE5F0A62FD2D0,dir9F00E3CA470727326735B6559AACB119,m
dir2FE31CB6956C13ED62127DC7DF918A12,dir57EC65E3A413EFE85A57852E86627CC0,m
dir7ABC7B97040EF30D0E8501B8F9FCAC36,dir0247BF4E6CDFC241C10B048344891257,m
dirC29EA965DD8E897F317122412A718ACA,dir8D430D6BFEB8BE07F98A4E63B7FBE2DC,m
dirAD6FEA6191F39D40F1248B39CA24A080,dir5976C971D4ECAFEA764888DC450B4A82,m
dir583DCB0970C50000074027724E0D2D92,dirAA8755158818F3A186DDCE38DE1F8303,m
dir5E93F7AF3FF3F9D9B7E5DF3F7A9E6D4A,dirB2712EE615300B8F255115251CC5454E,m
dir652038AB13A40DC2F7FB62A3E202E5AC,dir55151D3FACFD228CFB295E787ADE77BE,m
dirA4013FABBB1BF111AEB40A285B4043F0,dirA6385B9FEA49E609E6092D67109FD25C,m
dir88989E9BD5DEB08BA1E120977E0DAAB8,dir54EBB49D5F13E9BFAEC45032CDFB8A8A,m
dir413EFB3005DF6E2A69A29196849E2AA5,dir352FBD97888DB5061A53046A6ECEFB2B,m
dirD305943EE6EBC0A8A75F984671D85EF7,dir7B6C773A7F87392A5F382F1312C050B1,m
dirF1316BD743E5641DC00B4771A48847AF,dirAFE2766843DEB6C8FF3EDD8646C112D4,AS
dir6A092BF1A58110B47117F03C7C27305F,dir50D2E6DCF1422C15298720F2FF4CEFCF,m
dirFECFFEA5616EB1AC781D1316F1A17B90,dirB15EEECA0ECB4F9FB932260B68DC64DB,m
dir97AAAFC7A74D2F3B8E36E4DB8178DC82,dirA865BAF788CF2C48E511FCCD4E941F78,m
dirCA3323621CB8DDBFAF3A96640F9ECC1F,dir0CAABEEA4CE2BC7C8C2A4C9ADE5E8310,m
dir717D7F6BB5DEA45769B8B9AC70F9BDFD,dirF787499695C3C6120C6140B5BFDD3627,m
dirE42825A9BA4865B0F42C0DAF399100FE,dir15AB2976B8DE1FBE7E4A44471CBD69D9,m
dirB3CD6A97441C874A704B568BB1777E3E,dir7EB6FB36452D9B58D5213EE68B40DBD5,m
dir349D7FB3F60A4F3EC3C99BAB463EB005,dir0C06CD9444AEB0EBFC2B6EE92DEA67AC,m
dirBBB240F4BF073C4AFCC410E4B69C870B,dirD151086902AB4CCAAB69D736881F4F9A,m
dir0FD432231DE8A848192B2D0DCBA38EEC,dir79017847315D4F3AC34F4200D2B34983,m
dir1FE30B9022698E64CA9633F834C459F1,dir4345D7D659CE2A2E90B55B3E4A777929,m
dirE4E76C8D98272560F9CB278541153247,dir96D5E87ECDD633038244ADB21C55644B,m
dir66C57401080664A2E4B74DF5ED42DE3D,dirCE34924783DBBE10364F4DD97D10360C,vynjujln|DisplayAudio
